product_category_name,customer_state,total_orders,avg_cost_to_serve,avg_cost_pct,problem_rate
eletronicos,MA,12,30.113333333333333,1.8576071802879026,0.25
eletronicos,RO,6,37.083333333333336,1.8427838750298602,0.0
eletronicos,RN,14,35.806428571428576,1.7543820440046916,0.07142857142857142
sinalizacao_e_seguranca,PB,6,299.16,1.7094857142857147,0.0
eletronicos,AL,14,29.15142857142857,1.5971461935805027,0.21428571428571427
dvds_blu_ray,PR,5,34.11,1.4669119430743107,0.0
eletronicos,TO,7,30.437142857142856,1.4659355666578926,0.14285714285714285
eletronicos,PI,22,33.074090909090906,1.440987949897436,0.18181818181818182
fashion_underwear_e_moda_praia,SC,8,17.0925,1.388170707770922,0.25
telefonia,RO,19,33.77684210526316,1.3858658130815569,0.05263157894736842
fashion_underwear_e_moda_praia,MG,18,15.328333333333335,1.359319442959634,0.0
artigos_de_natal,BA,10,30.403999999999996,1.3328623897021574,0.0
eletronicos,PB,12,38.51083333333333,1.319993642780581,0.16666666666666666
sinalizacao_e_seguranca,BA,6,23.83,1.2582494496996672,0.0
casa_conforto_2,GO,5,15.943999999999999,1.235968992248062,0.4
livros_interesse_geral,PA,5,17.784,1.1546378706205374,0.0
eletronicos,PA,28,33.93714285714286,1.1347705071610152,0.03571428571428571
casa_construcao,MA,5,59.010000000000005,1.0181105011655471,0.0
artigos_de_natal,DF,8,22.64,1.009953970655887,0.0
fashion_bolsas_e_acessorios,TO,8,33.335,0.9848072294402859,0.0
automotivo,RO,10,57.499,0.980529528783552,0.0
eletronicos,PE,40,22.7505,0.9690726367424739,0.1
telefonia,TO,21,29.873333333333335,0.9634474326546174,0.14285714285714285
eletronicos,ES,76,20.893947368421053,0.9500877227685279,0.09210526315789473
eletronicos,SE,19,31.455263157894734,0.9494386363495034,0.15789473684210525
fashion_underwear_e_moda_praia,GO,5,16.794,0.947706312386155,0.0
utilidades_domesticas,TO,14,34.62428571428571,0.9464914052212681,0.0
eletronicos,GO,33,17.508484848484848,0.9448229370685658,0.06060606060606061
flores,MG,5,17.192,0.9328384366276439,0.0
eletronicos,CE,46,27.331521739130434,0.9275191929908427,0.13043478260869565
telefonia,PI,38,29.2528947368421,0.926822917691202,0.10526315789473684
informatica_acessorios,AC,9,32.23,0.9158031164038961,0.0
cine_foto,RS,12,18.21166666666667,0.9009542000846174,0.0
telefonia,AM,15,26.243999999999996,0.8929891845253172,0.13333333333333333
telefonia,PB,27,30.324074074074073,0.890341102353648,0.1111111111111111
alimentos_bebidas,RS,6,24.02333333333333,0.8877622717444682,0.0
artigos_de_natal,RJ,15,20.02,0.8846657271038253,0.26666666666666666
informatica_acessorios,RR,5,42.034,0.8841217918441707,0.0
artigos_de_natal,PR,6,16.616666666666667,0.8819537064477396,0.16666666666666666
eletronicos,BA,101,22.286237623762375,0.8801346001721956,0.1188118811881188
telefonia,MA,65,27.84376923076923,0.8756124000309765,0.15384615384615385
bebidas,BA,11,19.524545454545457,0.8729905876034003,0.0
agro_industria_e_comercio,CE,6,28.548333333333332,0.8670910927572467,0.0
eletronicos,SC,119,17.70285714285714,0.8554470052787141,0.07563025210084033
eletronicos,MT,24,19.799166666666665,0.8488986731924327,0.16666666666666666
ferramentas_jardim,MA,24,41.28541666666667,0.8478275586107027,0.2916666666666667
eletrodomesticos,PA,10,28.409999999999997,0.8266838360125142,0.0
moveis_quarto,PR,9,10.10888888888889,0.7991052336579547,0.0
artigos_de_natal,MG,19,20.512631578947367,0.7953963565857776,0.0
dvds_blu_ray,SP,23,20.270434782608696,0.7946734532384803,0.13043478260869565
eletrodomesticos,PE,5,30.637999999999998,0.7883658106289955,0.0
fashion_bolsas_e_acessorios,RO,9,34.306666666666665,0.7871649505567825,0.0
construcao_ferramentas_ferramentas,PR,8,18.725,0.7857952567645548,0.0
telefonia,PA,77,26.35038961038961,0.7783449704711198,0.12987012987012986
dvds_blu_ray,RJ,13,18.64076923076923,0.7766363957223752,0.0
consoles_games,MA,6,33.39333333333334,0.7742263567609661,0.16666666666666666
moveis_decoracao,PI,22,40.62409090909091,0.7652750538712879,0.22727272727272727
utilidades_domesticas,MA,24,37.400416666666665,0.7582671096229044,0.5
casa_conforto_2,SP,14,11.984285714285715,0.7528469235249808,0.0
eletronicos,RJ,422,18.512251184834124,0.7411711796675644,0.15876777251184834
eletronicos,RS,156,16.90903846153846,0.7374740293129219,0.057692307692307696
fashion_underwear_e_moda_praia,BA,6,18.373333333333335,0.7296211259480487,0.0
eletronicos,MS,22,19.020454545454545,0.7189953635837187,0.18181818181818182
consoles_games,PA,14,37.57928571428572,0.7169124615053751,0.21428571428571427
telefonia,CE,99,23.44590909090909,0.7167810969608787,0.1414141414141414
fashion_underwear_e_moda_praia,PR,6,14.713333333333333,0.7149246887699757,0.0
sinalizacao_e_seguranca,MG,11,34.32181818181818,0.7137315861061478,0.0
eletronicos,MG,281,18.630373665480427,0.7044475325869266,0.0498220640569395
market_place,GO,13,15.411538461538461,0.6916397432252969,0.0
telefonia,PE,127,24.066141732283466,0.6915992259535809,0.07086614173228346
livros_interesse_geral,PB,5,25.253999999999998,0.6899937942885221,0.0
telefonia,MT,66,19.232272727272726,0.6847044634633673,0.06060606060606061
eletronicos,DF,45,16.750222222222224,0.684097782464566,0.044444444444444446
eletrodomesticos,CE,7,59.478571428571435,0.6796284798881302,0.14285714285714285
utilidades_domesticas,RN,25,33.168800000000005,0.6793138073636222,0.08
ferramentas_jardim,RO,6,46.68666666666667,0.6706075176370833,0.0
utilidades_domesticas,PE,60,34.0665,0.6621548608317471,0.0
fashion_bolsas_e_acessorios,MT,14,21.142857142857142,0.6607725948289237,0.07142857142857142
utilidades_domesticas,PA,38,41.30368421052631,0.6599432140673696,0.05263157894736842
eletronicos,PR,179,16.985195530726255,0.6583877438905793,0.055865921787709494
telefonia,RN,24,30.971666666666664,0.6576554484087038,0.08333333333333333
telefonia_fixa,MG,17,18.005294117647058,0.6526684668905869,0.058823529411764705
informatica_acessorios,RO,23,35.50913043478261,0.6515414392588155,0.21739130434782608
beleza_saude,AC,7,38.34571428571429,0.6512570758885837,0.0
construcao_ferramentas_seguranca,PB,8,28.2425,0.647840198181236,0.0
telefonia,GO,122,16.762377049180326,0.6446644373937266,0.05737704918032787
fashion_bolsas_e_acessorios,RN,7,35.99142857142857,0.643349470595178,0.14285714285714285
telefonia_fixa,AP,6,24.84,0.6431219808589613,0.0
pet_shop,PE,23,37.503043478260864,0.6426238483805191,0.13043478260869565
cama_mesa_banho,RN,30,37.602666666666664,0.6425527250137927,0.03333333333333333
artes,DF,6,19.813333333333333,0.6411580714034036,0.0
telefonia,RS,292,17.462859589041095,0.6343548898565715,0.0410958904109589
telefonia_fixa,PR,6,15.225,0.633231779487338,0.0
automotivo,SE,21,39.99047619047619,0.6330146444879549,0.19047619047619047
ferramentas_jardim,PB,14,48.020714285714284,0.6300312284114479,0.2857142857142857
malas_acessorios,MA,9,63.7988888888889,0.6259100013121272,0.2222222222222222
flores,RJ,8,16.896250000000002,0.6253763950474476,0.125
telefonia,AL,28,27.134285714285713,0.6238989346760644,0.25
moveis_escritorio,MA,23,88.94739130434782,0.6225356531202669,0.30434782608695654
sinalizacao_e_seguranca,SC,10,16.78,0.6213625610559382,0.1
bebes,PB,13,43.682307692307695,0.6209874876181811,0.3076923076923077
automotivo,PA,51,39.54254901960785,0.6182790335277777,0.17647058823529413
bebidas,ES,5,28.744,0.6145427731890774,0.0
ferramentas_jardim,SE,29,38.83137931034482,0.6097151426834221,0.27586206896551724
telefonia,SE,28,23.780357142857145,0.6080155852958973,0.17857142857142858
livros_interesse_geral,DF,18,19.176666666666666,0.606748621814091,0.0
construcao_ferramentas_jardim,GO,5,27.898000000000003,0.6035009581888267,0.0
telefonia,PR,248,15.878185483870968,0.6031298179898112,0.04032258064516129
utilidades_domesticas,AL,10,33.775,0.6025480549430646,0.1
moveis_cozinha_area_de_servico_jantar_e_jardim,SC,7,40.26428571428572,0.601520965217977,0.14285714285714285
telefonia,SC,175,16.735942857142856,0.5987597612421585,0.11428571428571428
livros_interesse_geral,BA,15,22.608,0.5964846712931972,0.26666666666666666
cama_mesa_banho,PB,32,38.9625,0.5952720778227159,0.03125
brinquedos,PA,29,29.376896551724137,0.5952560245315631,0.10344827586206896
telefonia_fixa,RS,19,16.430526315789475,0.5941670774761048,0.0
alimentos_bebidas,RJ,52,18.666346153846153,0.5927649039792634,0.17307692307692307
papelaria,MA,20,30.317,0.5922783700133619,0.1
eletrodomesticos_2,BA,6,93.67166666666667,0.5875396306418035,0.3333333333333333
alimentos,BA,17,20.761176470588236,0.585999725733901,0.11764705882352941
informatica_acessorios,RN,32,32.685625,0.585707620441915,0.0625
cama_mesa_banho,AL,20,40.4405,0.5847381710135551,0.15
construcao_ferramentas_jardim,ES,5,20.351999999999997,0.5830218026003262,0.0
informatica_acessorios,TO,21,35.96714285714286,0.5823713446462285,0.14285714285714285
ferramentas_jardim,RN,19,37.07736842105263,0.5792616706892764,0.10526315789473684
ferramentas_jardim,TO,13,34.004615384615384,0.5762873241830049,0.15384615384615385
telefonia,BA,249,18.16698795180723,0.5746660328772496,0.14859437751004015
perfumaria,RN,21,36.29190476190476,0.574608554416424,0.19047619047619047
automotivo,RN,19,39.97842105263158,0.5710711077522582,0.15789473684210525
fashion_bolsas_e_acessorios,PE,36,25.793055555555554,0.5707345335513936,0.05555555555555555
musica,PR,7,14.744285714285715,0.5692385360274,0.0
consoles_games,PI,9,40.83555555555555,0.5674136419411533,0.0
moveis_escritorio,PB,10,59.553999999999995,0.5669808332469843,0.0
musica,MG,6,17.213333333333335,0.5653748816224372,0.0
consoles_games,PB,7,31.74285714285714,0.5645099585585711,0.0
moveis_decoracao,AL,34,44.02970588235294,0.5615311579438141,0.14705882352941177
fashion_bolsas_e_acessorios,PA,31,25.81,0.5611116082295672,0.16129032258064516
fashion_bolsas_e_acessorios,PB,15,39.32866666666667,0.5600648190353638,0.13333333333333333
automotivo,MA,39,44.27051282051282,0.5582402808917075,0.15384615384615385
moveis_decoracao,RN,29,38.77068965517242,0.5575651011346987,0.1724137931034483
construcao_ferramentas_seguranca,BA,7,23.085714285714285,0.5571318658618061,0.0
telefonia,MS,28,16.67107142857143,0.5554452912478351,0.10714285714285714
instrumentos_musicais,DF,9,49.45222222222222,0.5544087393958606,0.0
moveis_decoracao,PB,42,43.33119047619048,0.5537389958015728,0.16666666666666666
construcao_ferramentas_ferramentas,RS,8,26.13625,0.5525816168696435,0.125
alimentos_bebidas,PR,16,17.635625,0.5523921026278862,0.0625
alimentos,PE,8,19.23875,0.552007796604299,0.125
informatica_acessorios,MT,55,30.049818181818182,0.5512297114911422,0.03636363636363636
utilidades_domesticas,PB,23,35.97086956521739,0.5500056018076814,0.17391304347826086
sinalizacao_e_seguranca,SP,95,18.239052631578947,0.5496101110658071,0.042105263157894736
informatica_acessorios,PB,54,30.58666666666667,0.5485422667500822,0.12962962962962962
livros_interesse_geral,CE,7,59.67,0.5474553708838595,0.14285714285714285
construcao_ferramentas_construcao,RN,8,39.9,0.5464872715582288,0.125
moveis_decoracao,MA,48,36.64958333333333,0.5448653404343163,0.1875
moveis_decoracao,RR,6,36.295,0.5438495473915933,0.0
bebes,RO,11,41.83,0.5393650903877719,0.0
perfumaria,MT,30,20.084999999999997,0.5392533252293367,0.23333333333333334
papelaria,PE,48,33.097500000000004,0.5390171470858985,0.041666666666666664
artigos_de_natal,SP,50,13.020999999999999,0.5385797709526252,0.02
fashion_bolsas_e_acessorios,MA,25,27.9056,0.5383208227051596,0.04
bebes,RN,15,30.171333333333333,0.5329387366834187,0.13333333333333333
eletroportateis,MS,6,17.886666666666667,0.5322943686511978,0.0
informatica_acessorios,AM,17,37.4435294117647,0.5316098286431757,0.0
construcao_ferramentas_jardim,SC,5,16.808,0.5312653679353793,0.0
utilidades_domesticas,RO,5,37.598,0.5268982824180853,0.2
fashion_bolsas_e_acessorios,PI,5,25.965999999999998,0.5254341053142267,0.2
construcao_ferramentas_construcao,BA,36,34.56527777777777,0.5225748409860338,0.027777777777777776
esporte_lazer,SE,35,35.81685714285714,0.52256636815354,0.05714285714285714
telefonia,MG,482,16.307842323651453,0.52163808017488,0.05186721991701245
papelaria,PI,11,43.00818181818182,0.5213381490797856,0.09090909090909091
ferramentas_jardim,PA,37,47.733513513513515,0.5208550111115944,0.21621621621621623
utilidades_domesticas,CE,59,38.79177966101695,0.5194047930929427,0.0847457627118644
casa_construcao,DF,7,23.02857142857143,0.5181955942347432,0.0
pet_shop,PB,8,31.8925,0.513807655193579,0.125
pet_shop,MA,10,37.534,0.5135711196338129,0.1
telefonia,DF,82,16.25658536585366,0.5132692931522941,0.06097560975609756
alimentos,PR,29,18.644137931034482,0.5111747010720601,0.10344827586206896
audio,CE,5,35.564,0.5111330160051369,0.0
informatica_acessorios,MA,73,33.85972602739726,0.5090104048565777,0.1232876712328767
eletrodomesticos,MS,6,16.906666666666666,0.5081595248028289,0.0
audio,BA,14,18.92142857142857,0.5073030814278688,0.2857142857142857
pet_shop,PI,7,44.26714285714286,0.5072010595200939,0.0
instrumentos_musicais,GO,9,25.488888888888887,0.5046719274968652,0.0
moveis_decoracao,RO,13,47.23230769230769,0.5035111871474043,0.0
consoles_games,CE,16,38.7075,0.5029068907720948,0.125
papelaria,CE,37,31.356216216216218,0.5016027249814179,0.10810810810810811
papelaria,AL,8,28.02875,0.5011389589121602,0.125
casa_conforto,BA,11,27.902727272727272,0.4993052995812058,0.18181818181818182
consoles_games,RS,61,19.361639344262294,0.4958176933584757,0.09836065573770492
telefonia,ES,115,16.17886956521739,0.4957891420041827,0.12173913043478261
eletrodomesticos,BA,39,20.792820512820512,0.49380697356269154,0.02564102564102564
market_place,MA,9,28.083333333333332,0.4936019652396989,0.0
eletronicos,SP,982,11.59337067209776,0.493032046466812,0.03665987780040733
automotivo,AL,22,35.874545454545455,0.49283308983396784,0.18181818181818182
cama_mesa_banho,RO,14,43.36642857142857,0.49245939617251905,0.0
brinquedos,AM,7,27.240000000000002,0.4922241102180986,0.0
livros_interesse_geral,PE,8,28.6625,0.49122857234276074,0.125
esporte_lazer,MA,66,38.7855303030303,0.4909898156547166,0.21212121212121213
construcao_ferramentas_jardim,SP,99,18.070555555555554,0.49096878240301184,0.06060606060606061
ferramentas_jardim,AM,5,57.384,0.4908332939256475,0.0
brinquedos,PE,64,32.19328125,0.49066759172979446,0.078125
papelaria,RO,8,32.963750000000005,0.4903606196186553,0.0
utilidades_domesticas,RS,434,22.748410138248847,0.4890952811716091,0.055299539170506916
consoles_games,BA,36,20.669444444444444,0.4882478687978945,0.16666666666666666
papelaria,PA,22,29.79090909090909,0.48802607028058803,0.22727272727272727
alimentos,DF,8,18.9625,0.4863136180863566,0.125
telefonia,RJ,438,16.453675799086756,0.4856171687368809,0.1050228310502283
utilidades_domesticas,SC,263,23.66764258555133,0.4855664206684519,0.09505703422053231
utilidades_domesticas,MT,52,25.853653846153847,0.48530414772899505,0.038461538461538464
livros_tecnicos,MT,5,23.04,0.4849560912003296,0.0
perfumaria,PI,16,34.881875,0.4844075629539241,0.125
moveis_decoracao,CE,87,33.84637931034483,0.4812933926651519,0.09195402298850575
informatica_acessorios,PA,90,32.93811111111111,0.48081188784840734,0.06666666666666667
moveis_colchao_e_estofado,SP,22,39.92318181818182,0.4792781918699079,0.09090909090909091
cama_mesa_banho,CE,83,30.96734939759036,0.4770606440452988,0.1566265060240964
utilidades_domesticas,BA,161,32.36490683229814,0.4757637920005994,0.06832298136645963
moveis_cozinha_area_de_servico_jantar_e_jardim,MG,29,41.172758620689656,0.4754548528651999,0.034482758620689655
audio,ES,14,16.181428571428572,0.47545145803133576,0.21428571428571427
bebes,AM,5,27.856,0.4750310805427243,0.0
beleza_saude,AM,20,29.6325,0.4736827674742021,0.0
ferramentas_jardim,PE,65,35.87107692307692,0.47361235754218045,0.07692307692307693
papelaria,AM,6,28.33666666666667,0.4732386715019778,0.0
fashion_bolsas_e_acessorios,CE,30,24.610333333333333,0.47307647987754353,0.06666666666666667
malas_acessorios,PE,13,56.964615384615385,0.4717220775189554,0.15384615384615385
cama_mesa_banho,PE,93,35.516666666666666,0.4715631619209796,0.07526881720430108
bebes,AL,7,49.02285714285715,0.4706211238378191,0.0
fashion_bolsas_e_acessorios,SE,7,22.967142857142857,0.47050681651622606,0.0
informatica_acessorios,CE,89,29.152191011235956,0.4699664129424395,0.15730337078651685
brinquedos,AL,12,30.50916666666667,0.4686846660711246,0.3333333333333333
alimentos_bebidas,SP,136,13.843933823529412,0.4686210586151173,0.014705882352941176
consoles_games,SE,6,31.851666666666663,0.46776473172829086,0.0
perfumaria,MS,25,16.84,0.467190795459413,0.08
eletrodomesticos,MG,86,19.229767441860464,0.4658296178714876,0.046511627906976744
brinquedos,RN,25,31.5956,0.46552064114550334,0.08
pet_shop,CE,12,27.165000000000003,0.4654859683163653,0.16666666666666666
cama_mesa_banho,MA,36,38.61416666666666,0.46530056838691486,0.16666666666666666
consoles_games,PR,47,17.0031914893617,0.4649149404233903,0.02127659574468085
beleza_saude,RR,7,36.25,0.46359397874665814,0.2857142857142857
automotivo,PB,22,60.08727272727273,0.4619526775001057,0.13636363636363635
alimentos_bebidas,MG,26,16.77269230769231,0.4618601190570591,0.0
moveis_decoracao,MT,75,27.0608,0.4611663437548873,0.06666666666666667
beleza_saude,MA,89,31.81370786516854,0.46101116786317625,0.24719101123595505
bebes,MA,27,40.85925925925926,0.46073788693818235,0.14814814814814814
informatica_acessorios,PI,36,34.24027777777778,0.46007879409092983,0.1111111111111111
papelaria,MS,22,19.310454545454544,0.45994522918798264,0.13636363636363635
consoles_games,PE,20,34.1455,0.45956227788041204,0.15
moveis_decoracao,TO,18,38.14611111111111,0.45817571314259986,0.05555555555555555
alimentos,RS,13,20.13153846153846,0.45769478025109234,0.0
utilidades_domesticas,DF,145,21.95496551724138,0.4560411347343502,0.006896551724137931
livros_tecnicos,RJ,29,18.29689655172414,0.4539802768105242,0.10344827586206896
audio,AL,5,25.038,0.4528681314260897,0.8
brinquedos,PB,15,41.330000000000005,0.4527698642129774,0.13333333333333333
pet_shop,MT,16,37.679375,0.45155990280630875,0.1875
eletrodomesticos,RS,43,22.661627906976744,0.451325981161618,0.0
pet_shop,RO,8,51.08,0.4508766421097635,0.0
utilidades_domesticas,GO,132,28.81772727272727,0.44820788624900915,0.022727272727272728
utilidades_domesticas,PI,19,56.54789473684211,0.44789686553146,0.15789473684210525
bebidas,RS,18,20.755,0.4474470550568499,0.1111111111111111
automotivo,PR,233,25.326545064377683,0.44740739650801686,0.06866952789699571
moveis_escritorio,PA,27,67.33444444444444,0.4462837284547287,0.0
automotivo,CE,59,41.997966101694914,0.44619692576832715,0.1694915254237288
eletrodomesticos,RJ,83,19.859638554216865,0.4451607589598055,0.04819277108433735
audio,DF,15,17.265333333333334,0.4440323687933624,0.13333333333333333
alimentos,SC,16,16.639375,0.442402311552885,0.0625
esporte_lazer,PE,149,34.036040268456375,0.44138710730789127,0.06711409395973154
brinquedos,MA,23,39.239347826086956,0.4412226925090729,0.08695652173913043
fashion_bolsas_e_acessorios,GO,45,18.612444444444446,0.440369276654835,0.044444444444444446
livros_interesse_geral,RJ,57,16.940526315789473,0.4403163106926638,0.17543859649122806
esporte_lazer,CE,93,32.101397849462366,0.44017829165286837,0.13978494623655913
moveis_decoracao,PA,71,41.96140845070422,0.4399196992786809,0.09859154929577464
informatica_acessorios,SE,36,25.984722222222224,0.43950230465457335,0.027777777777777776
beleza_saude,TO,35,34.272571428571425,0.43898823780035323,0.2
moveis_colchao_e_estofado,RJ,8,43.545,0.43799321646515726,0.125
cama_mesa_banho,PI,34,39.764117647058825,0.43763993888566377,0.20588235294117646
construcao_ferramentas_jardim,MG,30,25.543666666666663,0.43708828669413,0.1
utilidades_domesticas,PR,337,22.265563798219585,0.436673965664048,0.026706231454005934
eletrodomesticos,GO,13,17.41,0.43596938691296727,0.0
portateis_cozinha_e_preparadores_de_alimentos,SP,8,13.0525,0.4359120486096068,0.125
construcao_ferramentas_construcao,RJ,120,26.207583333333332,0.4352076349434278,0.125
consoles_games,AL,7,42.128571428571426,0.434146895148806,0.2857142857142857
cama_mesa_banho,TO,10,40.553,0.43389907902766023,0.1
construcao_ferramentas_construcao,DF,6,17.293333333333333,0.4337653473593434,0.0
malas_acessorios,PB,7,37.89714285714285,0.43294440144431573,0.0
utilidades_domesticas,MG,834,22.424778177458034,0.43280030648668644,0.046762589928057555
brinquedos,CE,65,31.37123076923077,0.43182902977555704,0.1076923076923077
fashion_bolsas_e_acessorios,PR,118,16.174237288135593,0.4310448285923303,0.059322033898305086
moveis_escritorio,PE,20,69.978,0.43103466518507094,0.15
artes_e_artesanato,MG,6,23.095,0.43071515171612357,0.0
beleza_saude,RS,435,21.172620689655172,0.43066342928343654,0.06666666666666667
utilidades_domesticas,RJ,875,22.946005714285715,0.4297852376011036,0.08
eletrodomesticos,DF,13,24.275384615384613,0.4297692578501437,0.07692307692307693
bebes,CE,31,36.65870967741936,0.4285412874471659,0.1935483870967742
eletrodomesticos,PR,44,23.42863636363636,0.4274536857914734,0.09090909090909091
eletroportateis,BA,18,28.651666666666667,0.42731894305607987,0.16666666666666666
brinquedos,TO,13,32.61230769230769,0.42725120184608806,0.15384615384615385
cama_mesa_banho,PA,37,28.203243243243243,0.42718549573041453,0.08108108108108109
fraldas_higiene,SP,31,13.285483870967743,0.42676671725973175,0.03225806451612903
esporte_lazer,AL,33,33.128787878787875,0.42576948305949164,0.12121212121212122
moveis_escritorio,TO,6,92.76666666666667,0.42574305167668053,0.3333333333333333
telefonia_fixa,SC,7,17.66142857142857,0.4256551631807772,0.0
cama_mesa_banho,SE,15,39.83533333333333,0.42438998663773503,0.13333333333333333
construcao_ferramentas_jardim,CE,8,38.4425,0.4242142429389082,0.25
bebidas,SP,211,11.660781990521327,0.4234010223928096,0.052132701421800945
cool_stuff,PE,78,35.69653846153846,0.42318946769159393,0.0641025641025641
moveis_decoracao,DF,140,21.0885,0.42266323500272535,0.1357142857142857
utilidades_domesticas,ES,114,26.678026315789474,0.42251361462474685,0.14035087719298245
ferramentas_jardim,PI,16,36.31125,0.4217579912685602,0.1875
eletrodomesticos,ES,15,18.901333333333334,0.42054211438714806,0.06666666666666667
instrumentos_musicais,MA,10,50.165,0.4183200951759421,0.0
automotivo,PE,86,33.98296511627907,0.4178714367045014,0.10465116279069768
ferramentas_jardim,CE,56,33.21232142857143,0.4167614028047944,0.21428571428571427
informatica_acessorios,BA,259,23.43766409266409,0.41667816895630133,0.06177606177606178
consoles_games,RN,6,35.03666666666667,0.41660044874039714,0.0
industria_comercio_e_negocios,BA,5,30.918,0.41593540423600384,0.2
bebidas,GO,7,18.915714285714284,0.4156886264973556,0.0
telefonia_fixa,BA,12,21.044166666666666,0.41476921418760226,0.08333333333333333
papelaria,BA,76,22.400921052631578,0.41469349833046093,0.19736842105263158
perfumaria,PE,50,28.547399999999996,0.41436421125121703,0.12
artigos_de_festas,MG,5,22.8,0.4134631925150226,0.0
construcao_ferramentas_construcao,PE,12,57.02916666666667,0.41336977170539907,0.0
cama_mesa_banho,AM,8,32.67375,0.41308294080632846,0.0
alimentos_bebidas,ES,7,18.368571428571432,0.41244947496697304,0.0
alimentos,CE,5,20.962,0.4121596950815084,0.0
market_place,PA,5,26.288,0.4118488911922496,0.0
moveis_decoracao,BA,252,28.856984126984127,0.4117524320847651,0.15873015873015872
audio,RS,16,16.725625,0.4105297630483333,0.0
moveis_escritorio,CE,28,62.47571428571428,0.41046000101467245,0.14285714285714285
moveis_decoracao,ES,144,23.55236111111111,0.4099683295495376,0.1111111111111111
musica,RJ,8,16.965,0.4099323953122261,0.0
ferramentas_jardim,ES,104,26.92519230769231,0.4095400391852041,0.11538461538461539
moveis_cozinha_area_de_servico_jantar_e_jardim,RJ,47,55.22531914893617,0.40951536084311385,0.0851063829787234
malas_acessorios,RO,6,69.51833333333333,0.4092456099462771,0.0
beleza_saude,AL,63,33.17142857142857,0.4087313865105187,0.30158730158730157
industria_comercio_e_negocios,PR,12,31.155833333333334,0.40768715889240714,0.08333333333333333
moveis_decoracao,PE,97,29.069896907216496,0.40612740821817406,0.07216494845360824
consoles_games,ES,23,18.30391304347826,0.40570093589594003,0.13043478260869565
telefonia_fixa,GO,6,17.441666666666666,0.4051035714532596,0.0
moveis_decoracao,SE,25,45.0116,0.4047401164650942,0.28
ferramentas_jardim,AL,14,35.735,0.4047359448195499,0.21428571428571427
papelaria,PB,18,41.503888888888895,0.4033443667208989,0.16666666666666666
construcao_ferramentas_iluminacao,ES,9,27.85111111111111,0.40289903682075895,0.0
pet_shop,ES,26,25.37923076923077,0.40268769850522607,0.038461538461538464
moveis_escritorio,PI,9,63.61222222222222,0.40230668773992456,0.5555555555555556
construcao_ferramentas_ferramentas,BA,5,26.35,0.402027076923077,0.0
livros_tecnicos,BA,10,18.903,0.4015974712690065,0.0
market_place,RS,21,16.777142857142856,0.40037857202587984,0.0
informatica_acessorios,AL,41,31.892682926829266,0.40021589687100856,0.1951219512195122
ferramentas_jardim,BA,178,31.442865168539324,0.400005189502022,0.10674157303370786
perfumaria,RO,6,27.116666666666664,0.39956184919643034,0.16666666666666666
moveis_decoracao,SC,354,22.728983050847457,0.3985643494871321,0.11581920903954802
brinquedos,SE,11,32.876363636363635,0.39697855753904177,0.0
perfumaria,PB,18,30.96277777777778,0.39632500894949446,0.0
pet_shop,PA,11,45.85,0.39589227970714647,0.0
papelaria,RN,13,38.603846153846156,0.39555856012739,0.07692307692307693
esporte_lazer,PI,34,37.36911764705882,0.39535198752857514,0.11764705882352941
livros_importados,MG,7,15.48,0.39488376530248415,0.14285714285714285
livros_tecnicos,MG,29,18.44,0.39481842512468523,0.034482758620689655
ferramentas_jardim,DF,58,23.83603448275862,0.39451472062120724,0.034482758620689655
artes_e_artesanato,SP,16,11.532499999999999,0.39410599838591626,0.0
instrumentos_musicais,PI,6,37.595,0.393588265881938,0.16666666666666666
consoles_games,GO,22,18.264545454545456,0.39299471054738805,0.09090909090909091
relogios_presentes,MA,60,33.797999999999995,0.39297653105860053,0.18333333333333332
construcao_ferramentas_jardim,PE,6,38.87166666666666,0.39270557226756214,0.0
consoles_games,MG,133,16.774586466165413,0.39195223256394035,0.03007518796992481
utilidades_domesticas,MS,39,32.79102564102564,0.3914721233208771,0.07692307692307693
moveis_escritorio,RN,5,99.486,0.39129956056948717,0.2
esporte_lazer,RN,22,38.31136363636364,0.3906071368736073,0.09090909090909091
alimentos,MG,38,16.826315789473682,0.390283121553336,0.05263157894736842
esporte_lazer,MT,76,25.720657894736842,0.38989710202885197,0.07894736842105263
cool_stuff,RO,12,52.656666666666666,0.3895060398595019,0.0
casa_construcao,MT,7,39.98571428571428,0.3889715687626073,0.0
fashion_bolsas_e_acessorios,DF,41,18.464268292682927,0.3886983605757859,0.12195121951219512
livros_tecnicos,RS,12,18.830000000000002,0.388254375380703,0.0
informatica_acessorios,PE,106,27.744811320754714,0.3877115925339949,0.07547169811320754
esporte_lazer,PB,36,40.38194444444444,0.38671400350996676,0.1388888888888889
relogios_presentes,SE,20,29.753499999999995,0.3864406592932479,0.3
consoles_games,RJ,142,16.95355633802817,0.38619691116341187,0.1056338028169014
consoles_games,DF,24,18.727500000000003,0.3859199974562399,0.0
bebidas,RJ,55,18.82490909090909,0.38576680951750036,0.01818181818181818
artes,SC,6,22.816666666666666,0.3850941620443595,0.16666666666666666
moveis_decoracao,MG,949,21.192787144362487,0.3848597889889882,0.030558482613277135
agro_industria_e_comercio,RJ,28,28.087857142857143,0.38473389596317037,0.10714285714285714
artigos_de_natal,SC,14,21.044999999999998,0.3839246683622592,0.0
construcao_ferramentas_jardim,RS,7,22.68,0.38362607683855926,0.14285714285714285
moveis_escritorio,ES,30,54.851,0.38237588692639696,0.06666666666666667
alimentos,MT,7,31.632857142857144,0.38221043431817214,0.0
livros_tecnicos,SC,10,18.455000000000002,0.38209759302935326,0.0
casa_construcao,PB,5,55.251999999999995,0.3817044053135619,0.0
automotivo,TO,16,33.110625,0.3816526406496314,0.0
artigos_de_festas,RJ,6,15.505,0.3804027810468285,0.0
climatizacao,RS,15,29.476666666666667,0.38011880520961366,0.06666666666666667
fashion_bolsas_e_acessorios,ES,50,17.0752,0.3797068431023633,0.08
alimentos,RJ,47,16.694893617021275,0.3791590377878818,0.0851063829787234
construcao_ferramentas_construcao,SP,428,16.37926401869159,0.3780202430241462,0.06074766355140187
sinalizacao_e_seguranca,ES,6,58.998333333333335,0.37790559500351706,0.0
construcao_ferramentas_ferramentas,SC,5,23.494,0.37783089526227914,0.2
beleza_saude,PB,77,40.676623376623375,0.3768961331891273,0.11688311688311688
brinquedos,RO,15,34.28866666666667,0.37678597542777514,0.0
fashion_roupa_masculina,RS,9,15.92222222222222,0.37665600314247977,0.0
fashion_bolsas_e_acessorios,BA,77,19.454675324675325,0.37568485175738175,0.09090909090909091
bebidas,MG,26,18.815,0.3755457678210483,0.0
sinalizacao_e_seguranca,RS,17,31.055294117647062,0.3752019610716507,0.0
ferramentas_jardim,MS,22,37.720454545454544,0.3748872617828074,0.045454545454545456
bebes,PE,41,34.74390243902439,0.37438045207603377,0.17073170731707318
consoles_games,SC,34,19.298235294117646,0.37423852240333355,0.14705882352941177
fashion_bolsas_e_acessorios,MS,14,17.607142857142858,0.3724446935796671,0.14285714285714285
industria_comercio_e_negocios,SC,16,30.1575,0.3724383388426123,0.0625
artes,RS,9,20.624444444444446,0.3722204705024555,0.1111111111111111
automotivo,MT,56,32.371339285714285,0.3716237996608642,0.07142857142857142
malas_acessorios,BA,31,32.43274193548387,0.37147992826487786,0.12903225806451613
ferramentas_jardim,SC,183,22.864262295081968,0.3708979688930888,0.060109289617486336
malas_acessorios,PI,5,46.936,0.3700371027055239,0.2
automotivo,RJ,441,22.61954648526077,0.3691073063618542,0.09977324263038549
telefonia_fixa,PB,5,29.669999999999998,0.3687428180383865,0.2
pet_shop,PR,87,19.010114942528737,0.36854139391290563,0.04597701149425287
automotivo,BA,158,28.388101265822783,0.36830392719023264,0.16455696202531644
cama_mesa_banho,DF,194,19.693092783505154,0.36797567957541605,0.08247422680412371
livros_tecnicos,ES,14,17.347142857142856,0.3673178117371269,0.5
livros_interesse_geral,PR,36,17.35194444444444,0.36727618773021004,0.08333333333333333
moveis_sala,BA,19,39.82526315789474,0.3667315566172821,0.05263157894736842
telefonia_fixa,RJ,36,23.467361111111114,0.36547732141788164,0.08333333333333333
beleza_saude,PA,107,38.03747663551402,0.36541198610486036,0.14018691588785046
bebidas,SC,14,17.836428571428574,0.3644071809477589,0.0
climatizacao,GO,7,31.34142857142857,0.36345430858891425,0.0
esporte_lazer,PA,85,36.216,0.36290468246331753,0.1411764705882353
perfumaria,GO,92,17.807608695652174,0.3624646762715598,0.043478260869565216
fashion_bolsas_e_acessorios,SC,79,18.789810126582278,0.36171448259269756,0.11392405063291139
casa_construcao,BA,14,38.49357142857143,0.3615055875660751,0.0
flores,SP,11,10.85909090909091,0.3609766472778379,0.0
malas_acessorios,CE,24,41.88041666666667,0.3606814790401569,0.0
beleza_saude,RN,58,40.20758620689655,0.36050833679154065,0.05172413793103448
moveis_decoracao,RS,561,22.881122994652404,0.36036925610678927,0.06417112299465241
beleza_saude,RO,25,35.284,0.3590090352665732,0.04
construcao_ferramentas_construcao,GO,11,22.71909090909091,0.3582262883343766,0.0
livros_interesse_geral,MG,54,17.563518518518517,0.3582090024315284,0.0
esporte_lazer,RO,20,41.26775,0.3581737025535317,0.15
cds_dvds_musicais,RS,5,16.11,0.358,0.0
bebidas,DF,5,18.04,0.3570223052094194,0.0
moveis_escritorio,BA,91,49.793846153846154,0.35662992084796297,0.0989010989010989
construcao_ferramentas_jardim,DF,5,26.4,0.35595177939471984,0.0
moveis_decoracao,PR,518,22.25258687258687,0.35531096958391883,0.04054054054054054
moveis_sala,GO,10,38.538,0.35372572469220065,0.1
cama_mesa_banho,BA,257,24.899863813229572,0.35305179477095033,0.14396887159533073
moveis_decoracao,RJ,1089,21.99182277318641,0.35271949408791087,0.11937557392102846
beleza_saude,PE,240,34.67183333333333,0.35245955531343504,0.12083333333333333
moveis_decoracao,AC,12,35.855,0.35224173485657734,0.08333333333333333
market_place,PR,15,16.435333333333332,0.3515685906898987,0.0
moveis_escritorio,MT,20,60.3985,0.35142421908824223,0.1
ferramentas_jardim,RJ,656,24.54655487804878,0.35130435481676187,0.13567073170731708
brinquedos,PI,28,32.96,0.35107004703051764,0.07142857142857142
casa_construcao,PE,7,58.6,0.3506035023502036,0.0
moveis_decoracao,GO,128,23.297421875,0.35026944328865106,0.09375
utilidades_domesticas,SP,3260,17.051104294478527,0.349961509649054,0.046625766871165646
alimentos,ES,14,18.240714285714287,0.34988242028858485,0.14285714285714285
informatica_acessorios,ES,152,21.62279605263158,0.34902420588940136,0.07894736842105263
esporte_lazer,BA,292,26.26460616438356,0.34876726828142746,0.11301369863013698
cama_mesa_banho,MS,64,19.87953125,0.34843253385748746,0.109375
esporte_lazer,TO,25,52.3996,0.3481485435422691,0.08
moveis_sala,ES,11,39.77727272727273,0.3478951279471103,0.09090909090909091
casa_construcao,RJ,72,21.30638888888889,0.3473458962046345,0.09722222222222222
papelaria,SC,94,22.58712765957447,0.3472996014688451,0.09574468085106383
bebes,BA,97,30.683711340206187,0.34717293093257157,0.1134020618556701
beleza_saude,BA,350,25.463985714285716,0.347130295312981,0.14285714285714285
automotivo,PI,34,52.688235294117646,0.3467424212184729,0.17647058823529413
beleza_saude,PI,54,39.36166666666667,0.3464203181172082,0.16666666666666666
moveis_sala,RS,22,46.811818181818175,0.3462747921625531,0.0
bebes,SE,8,54.1175,0.345153224619761,0.25
ferramentas_jardim,PR,209,23.961291866028706,0.34438180107712807,0.03827751196172249
bebes,MT,35,28.05742857142857,0.34367550730489443,0.0
bebes,ES,62,25.13491935483871,0.3436109647297292,0.11290322580645161
brinquedos,BA,116,26.12625,0.3435506739133684,0.14655172413793102
papelaria,RS,146,19.294657534246575,0.3434897709468232,0.06164383561643835
automotivo,DF,108,24.29685185185185,0.34344788618064015,0.037037037037037035
construcao_ferramentas_construcao,MS,14,14.435714285714285,0.3429047980845185,0.14285714285714285
cama_mesa_banho,AP,6,35.065,0.3427477689406128,0.0
fashion_calcados,GO,7,23.861428571428572,0.3427377616615078,0.0
papelaria,GO,50,20.6232,0.34259724197885655,0.08
telefonia,SP,1640,10.509048780487804,0.3425295166710697,0.043292682926829265
audio,MG,35,17.340285714285713,0.34242912182249347,0.05714285714285714
beleza_saude,MS,65,24.077615384615385,0.3423249268453037,0.15384615384615385
informatica_acessorios,GO,124,23.554193548387094,0.34195369159453143,0.06451612903225806
fashion_calcados,RJ,29,17.489310344827587,0.34168010154013423,0.034482758620689655
automotivo,RS,188,24.44462765957447,0.3413938012439386,0.06382978723404255
papelaria,MT,28,25.80892857142857,0.34124117325044495,0.07142857142857142
automotivo,MG,513,22.614961013645225,0.34101944769814346,0.07212475633528265
esporte_lazer,RR,8,49.04,0.340837260911539,0.125
esporte_lazer,GO,167,21.916227544910182,0.34036314080939034,0.07784431137724551
artigos_de_natal,RS,6,22.595,0.3402615481130283,0.16666666666666666
automotivo,ES,87,23.381724137931034,0.3399843470502987,0.10344827586206896
eletroportateis,PA,9,48.43,0.3396572847809651,0.0
papelaria,RJ,327,20.51573394495413,0.3395586343938946,0.14678899082568808
construcao_ferramentas_iluminacao,BA,6,36.75,0.3392969912173758,0.0
moveis_sala,SC,12,53.163333333333334,0.33798028035513744,0.0
fashion_bolsas_e_acessorios,RJ,200,16.3924,0.33768466884272413,0.085
market_place,MG,33,17.734848484848484,0.33749544620455624,0.06060606060606061
brinquedos,MT,43,31.596976744186048,0.3370779701274289,0.09302325581395349
construcao_ferramentas_iluminacao,MS,9,29.465555555555554,0.33706821718153956,0.2222222222222222
moveis_cozinha_area_de_servico_jantar_e_jardim,RS,13,33.956923076923076,0.3368821422948327,0.0
moveis_decoracao,MS,65,20.78292307692308,0.3368488694889602,0.06153846153846154
pet_shop,RS,99,25.84030303030303,0.3367129512132185,0.020202020202020204
eletrodomesticos,SC,25,23.1156,0.3355463369000106,0.04
beleza_saude,ES,165,22.044545454545453,0.3347557095435009,0.12121212121212122
beleza_saude,GO,228,21.817236842105263,0.3338778669953628,0.08333333333333333
pet_shop,BA,62,22.52774193548387,0.33383439038136475,0.06451612903225806
livros_tecnicos,DF,5,17.864,0.33334270280864264,0.0
sinalizacao_e_seguranca,RJ,20,21.682499999999997,0.3318787972357743,0.05
relogios_presentes,RO,15,32.20466666666667,0.33116567374886696,0.0
beleza_saude,AP,10,33.844,0.3311471131418453,0.0
perfumaria,ES,67,16.991492537313434,0.3305564193862947,0.08955223880597014
esporte_lazer,AM,12,30.794999999999998,0.32978810351816873,0.0
esporte_lazer,MG,964,21.310409751037344,0.32941955697981207,0.03734439834024896
audio,RJ,58,16.75103448275862,0.32940260495435925,0.1896551724137931
fashion_bolsas_e_acessorios,RS,80,17.276125,0.3293521687221744,0.0375
moveis_sala,PR,16,33.395625,0.329335150252622,0.0
cine_foto,MG,6,22.849999999999998,0.3290966909338638,0.0
automotivo,GO,97,22.285051546391752,0.3290823643454384,0.0
casa_construcao,CE,10,34.398,0.32888126838796733,0.1
construcao_ferramentas_seguranca,PR,18,20.633333333333333,0.3285384761698333,0.0
artigos_de_natal,PA,6,38.37,0.3282292557741659,1.0
fashion_bolsas_e_acessorios,MG,265,15.446924528301887,0.32759147662055765,0.052830188679245285
construcao_ferramentas_seguranca,RS,8,17.62375,0.32657066064240453,0.0
perfumaria,MA,30,31.305666666666664,0.3254891263965014,0.0
papelaria,PR,128,20.091484375,0.3249141249990474,0.015625
papelaria,MG,273,17.508992673992672,0.32428855209330215,0.047619047619047616
livros_tecnicos,PR,15,18.55,0.3231473278296671,0.06666666666666667
automotivo,SC,182,25.200439560439563,0.32304120402204417,0.06043956043956044
papelaria,DF,45,18.868444444444446,0.3227742773823303,0.08888888888888889
construcao_ferramentas_construcao,RS,44,22.45909090909091,0.3226120238119512,0.06818181818181818
fashion_calcados,PE,11,30.726363636363637,0.3224282382673983,0.09090909090909091
consoles_games,MS,6,21.373333333333335,0.3220191097906329,0.0
fashion_calcados,RS,10,17.44,0.32189810704065497,0.1
malas_acessorios,ES,16,38.6225,0.32138675796877025,0.125
esporte_lazer,AC,9,43.78666666666666,0.32107778546172594,0.0
construcao_ferramentas_jardim,BA,8,24.8025,0.3209676111611882,0.125
ferramentas_jardim,RS,290,24.124241379310345,0.32038064547543454,0.06896551724137931
beleza_saude,PR,423,18.327328605200947,0.32037773968727123,0.03546099290780142
moveis_escritorio,RO,6,55.471666666666664,0.32028939940183887,0.0
fashion_calcados,MG,43,17.872093023255815,0.32008340203908237,0.046511627906976744
construcao_ferramentas_iluminacao,RJ,21,22.651904761904763,0.32007938070204023,0.19047619047619047
informatica_acessorios,AP,9,32.62888888888889,0.3200139103091699,0.0
bebes,DF,63,21.66857142857143,0.31991195995164745,0.12698412698412698
automotivo,MS,26,31.326538461538462,0.3189224638505705,0.11538461538461539
casa_construcao,PR,24,22.144166666666667,0.31877750337090005,0.0
malas_acessorios,RS,56,32.691964285714285,0.31855354976462014,0.017857142857142856
relogios_presentes,PA,75,30.148799999999998,0.3185276999335214,0.09333333333333334
eletrodomesticos,SP,347,14.211008645533141,0.3181193618291308,0.04899135446685879
construcao_ferramentas_iluminacao,RS,24,24.359166666666667,0.31811797064574304,0.0
instrumentos_musicais,PA,10,33.712,0.31803834054263336,0.0
portateis_casa_forno_e_cafe,MG,10,30.043,0.31763241457416325,0.0
audio,PR,18,17.954444444444444,0.3169795378263405,0.1111111111111111
cama_mesa_banho,GO,235,20.72931914893617,0.31664879367479365,0.12340425531914893
relogios_presentes,TO,30,31.667333333333332,0.31655697931474697,0.1
bebes,RJ,359,23.62197771587744,0.3162246210306194,0.14763231197771587
cama_mesa_banho,MT,70,23.727857142857143,0.3161779651487423,0.014285714285714285
ferramentas_jardim,MT,50,27.5248,0.31586089945354345,0.02
brinquedos,GO,80,20.332,0.3153986791419373,0.0375
bebes,GO,54,30.588333333333335,0.3150228120834687,0.05555555555555555
ferramentas_jardim,MG,606,21.23920792079208,0.3144959617427852,0.028052805280528052
informatica_acessorios,RS,485,19.658494845360828,0.31443395063854535,0.04536082474226804
perfumaria,PA,35,27.523142857142854,0.31433617724687746,0.0
cama_mesa_banho,RJ,1642,19.577740560292327,0.3142539574584503,0.14068209500609014
construcao_ferramentas_seguranca,RJ,17,18.457647058823532,0.3139352677065813,0.058823529411764705
construcao_ferramentas_construcao,MG,121,21.46322314049587,0.31391902375674335,0.049586776859504134
construcao_ferramentas_seguranca,GO,7,14.592857142857143,0.3138814601642542,0.0
automotivo,AM,6,25.505,0.3138448264698264,0.0
relogios_presentes,RN,49,32.55897959183673,0.31367221687691765,0.10204081632653061
casa_conforto,PE,8,28.69125,0.31291062516827517,0.125
informatica_acessorios,SC,320,19.5173125,0.31285751874284684,0.10625
consoles_games,MT,9,20.242222222222225,0.3128306468402747,0.0
bebes,PA,44,37.56068181818182,0.312498404672507,0.11363636363636363
construcao_ferramentas_iluminacao,SC,16,21.91125,0.3123962070558209,0.375
beleza_saude,MT,90,27.99866666666667,0.31202993527277767,0.05555555555555555
moveis_escritorio,PR,92,48.69652173913043,0.31086475090044635,0.07608695652173914
bebes,SC,113,26.565840707964604,0.31067695794127004,0.05309734513274336
moveis_cozinha_area_de_servico_jantar_e_jardim,SP,143,36.63188811188811,0.3105520429674352,0.03496503496503497
beleza_saude,DF,229,19.256768558951965,0.3105236735456744,0.08296943231441048
esporte_lazer,DF,212,20.65443396226415,0.30999439999678263,0.03773584905660377
construcao_ferramentas_construcao,PR,51,25.69313725490196,0.30895036655071895,0.0392156862745098
beleza_saude,CE,167,33.89497005988024,0.3087635479686186,0.16766467065868262
construcao_ferramentas_jardim,RJ,39,21.49128205128205,0.30846956520101987,0.07692307692307693
industria_comercio_e_negocios,RJ,27,29.374444444444446,0.3083687844448344,0.14814814814814814
moveis_quarto,RJ,20,49.334500000000006,0.30759455126225144,0.05
moveis_escritorio,DF,16,45.86125,0.306236439457871,0.125
esporte_lazer,AP,7,28.860000000000003,0.3061837953029172,0.0
consoles_games,SP,496,13.458024193548388,0.30587070705986963,0.04233870967741935
moveis_escritorio,SC,62,44.31693548387097,0.304808562431095,0.08064516129032258
fashion_roupa_masculina,PR,12,15.9225,0.3036987300730463,0.0
livros_interesse_geral,GO,15,31.529666666666667,0.30350545323075273,0.06666666666666667
construcao_ferramentas_ferramentas,MG,18,18.012222222222224,0.303340034178776,0.0
livros_interesse_geral,SC,23,16.55260869565217,0.30319822824880766,0.08695652173913043
livros_interesse_geral,SP,227,13.012709251101322,0.3029381704566173,0.05726872246696035
industria_comercio_e_negocios,RS,23,29.7795652173913,0.3029162744713439,0.043478260869565216
moveis_escritorio,GO,22,43.48590909090909,0.30247986453059117,0.0
brinquedos,PR,204,19.431887254901962,0.3024681996571945,0.049019607843137254
informatica_acessorios,MG,1000,18.500695,0.3020065749107333,0.052
moveis_escritorio,RS,68,42.718823529411765,0.3019747491486424,0.04411764705882353
moveis_sala,RJ,107,37.34654205607477,0.30178129106467666,0.09345794392523364
cama_mesa_banho,MG,1330,20.986571428571427,0.30172517959393896,0.06466165413533835
fashion_underwear_e_moda_praia,SP,55,11.676909090909092,0.30165911972539805,0.05454545454545454
esporte_lazer,RS,475,20.38098947368421,0.3016266828846163,0.061052631578947365
cama_mesa_banho,SC,330,19.832757575757576,0.3012136522906239,0.1
informatica_acessorios,RJ,1001,21.407957042957044,0.3010845828155982,0.12887112887112886
moveis_escritorio,RJ,304,42.35116776315789,0.3010267902718485,0.11842105263157894
artigos_de_festas,SP,18,14.336111111111112,0.30088011602559483,0.0
esporte_lazer,ES,174,22.10551724137931,0.30070263034583017,0.1206896551724138
pet_shop,SC,85,20.68,0.30069001572794507,0.07058823529411765
fashion_roupa_feminina,MG,7,15.631428571428572,0.3006529792532219,0.0
bebes,MG,372,23.313709677419357,0.3006397827331451,0.06451612903225806
moveis_escritorio,MG,167,46.12922155688623,0.3005458176459681,0.017964071856287425
construcao_ferramentas_construcao,SC,30,22.920666666666666,0.30049887413512544,0.0
alimentos,GO,6,16.709999999999997,0.3004270736176294,0.0
cool_stuff,AL,16,40.84125,0.3001264681362352,0.0
cine_foto,SP,31,12.503870967741936,0.29982042805809817,0.03225806451612903
bebes,PI,11,65.63636363636364,0.29933881504941257,0.0
beleza_saude,MG,1084,19.415539667896677,0.2989234566601713,0.042435424354243544
cama_mesa_banho,RS,614,20.265081433224758,0.2988263182810422,0.08143322475570032
relogios_presentes,PE,165,27.77033333333333,0.29853746136602727,0.10909090909090909
bebes,TO,7,35.48428571428571,0.29831424641369025,0.2857142857142857
moveis_decoracao,SP,3529,16.31449135732502,0.29830152149071854,0.05468971379994333
livros_interesse_geral,RS,28,18.2925,0.2980092868141583,0.10714285714285714
pet_shop,MG,249,21.43566265060241,0.29671733499064523,0.04819277108433735
market_place,RJ,36,17.432222222222222,0.29537761636122906,0.08333333333333333
eletrodomesticos_2,PR,16,44.65,0.2949716859527274,0.125
cool_stuff,MA,34,42.150588235294116,0.29457202751614514,0.23529411764705882
cama_mesa_banho,PR,468,20.42431623931624,0.2941545734603339,0.03205128205128205
bebes,PR,161,22.380993788819875,0.2937745122949672,0.031055900621118012
malas_acessorios,PA,7,54.44285714285714,0.2935420890900661,0.0
brinquedos,MS,36,22.110833333333332,0.29311703846303605,0.08333333333333333
beleza_saude,SC,309,20.64101941747573,0.29298072249437307,0.08090614886731391
esporte_lazer,RJ,1040,20.491,0.29258244225178975,0.12884615384615383
malas_acessorios,RJ,123,29.880447154471547,0.2920316539026308,0.12195121951219512
malas_acessorios,GO,12,37.880833333333335,0.29160069210780415,0.0
perfumaria,AL,12,31.4375,0.2913887253961745,0.3333333333333333
bebes,RS,210,25.258380952380953,0.29091414650785985,0.06190476190476191
informatica_acessorios,MS,63,22.188095238095237,0.29064284646873034,0.047619047619047616
eletrodomesticos_2,MG,20,47.838499999999996,0.2901673318359312,0.15
pet_shop,RJ,217,20.231129032258064,0.29003925229966787,0.1152073732718894
musica,SP,12,15.7425,0.2893658298331511,0.08333333333333333
perfumaria,BA,81,21.590123456790124,0.2891324548616004,0.08641975308641975
ferramentas_jardim,GO,118,25.143601694915255,0.28888481581967057,0.06779661016949153
informatica_acessorios,DF,143,20.75867132867133,0.2888614994972047,0.11188811188811189
construcao_ferramentas_iluminacao,MG,41,34.31634146341464,0.2881258682731627,0.07317073170731707
relogios_presentes,PI,40,32.684,0.28757159052625714,0.175
artes,RJ,33,20.35151515151515,0.2873087721157959,0.030303030303030304
esporte_lazer,MS,75,21.6404,0.2871858370217552,0.06666666666666667
brinquedos,ES,97,19.71932989690722,0.2868701333375309,0.08247422680412371
bebidas,PR,15,19.991333333333333,0.28657500808129854,0.06666666666666667
eletroportateis,SC,28,29.623214285714287,0.2855838344177006,0.03571428571428571
casa_construcao,GO,13,40.31384615384616,0.2839954788636972,0.07692307692307693
informatica_acessorios,PR,388,18.14525773195876,0.2831010142839043,0.04639175257731959
instrumentos_musicais,RS,32,39.0434375,0.2828620534721314,0.125
construcao_ferramentas_ferramentas,SP,33,15.963333333333333,0.2827646797494593,0.030303030303030304
esporte_lazer,PR,485,19.11665979381443,0.28274374463675084,0.04536082474226804
beleza_saude,RJ,1063,18.27079492003763,0.28250498586227496,0.08748824082784572
cool_stuff,PA,48,33.96875,0.28211762811797064,0.14583333333333334
artes,MG,18,18.523333333333333,0.2812613930487961,0.0
market_place,ES,7,22.287142857142857,0.2800774846592746,0.0
brinquedos,DF,90,21.348444444444446,0.2799626439601488,0.022222222222222223
ferramentas_jardim,SP,1558,17.633164313222082,0.2796059040445721,0.03594351732991014
fashion_underwear_e_moda_praia,RJ,17,15.40764705882353,0.27948629262625874,0.29411764705882354
moveis_cozinha_area_de_servico_jantar_e_jardim,PR,14,45.208571428571425,0.27906749809204406,0.07142857142857142
artes,PR,9,19.68111111111111,0.2790555696982031,0.0
pet_shop,RN,13,28.083846153846157,0.2787876937439698,0.0
instrumentos_musicais,CE,7,48.6,0.2787801074660459,0.0
casa_conforto,DF,7,15.858571428571427,0.27846731822529625,0.0
agro_industria_e_comercio,GO,7,27.77285714285714,0.27808365321145984,0.0
cool_stuff,CE,49,38.18163265306123,0.27761933536984557,0.04081632653061224
perfumaria,PR,152,15.961776315789473,0.2774556793230514,0.05263157894736842
cool_stuff,RN,21,41.336666666666666,0.2772625597213737,0.09523809523809523
beleza_saude,SP,4201,13.736361580576053,0.27709693029319354,0.06331825755772436
perfumaria,DF,80,16.241999999999997,0.2766267331772867,0.0625
alimentos_bebidas,PE,5,20.747999999999998,0.2765112286652482,0.0
pet_shop,DF,37,24.40783783783784,0.2757077504223745,0.0
papelaria,SP,1057,14.3560454115421,0.27566472879136206,0.04257332071901608
brinquedos,MG,491,19.741059063136458,0.27539369313147727,0.05091649694501019
alimentos,SP,285,10.580526315789474,0.27524227073486773,0.06666666666666667
cine_foto,RJ,5,19.64,0.2747402444822714,0.2
esporte_lazer,SC,363,20.38969696969697,0.27468317056852615,0.05509641873278237
fashion_calcados,PR,18,13.879444444444445,0.274546043179474,0.0
perfumaria,RJ,451,15.344057649667405,0.27412894126556536,0.09312638580931264
utilidades_domesticas,SE,10,30.910000000000004,0.27410098084844714,0.4
climatizacao,BA,6,24.515,0.2735156679769828,0.0
cama_mesa_banho,ES,223,19.542286995515695,0.2733214228545978,0.13452914798206278
casa_construcao,ES,15,21.249333333333333,0.27298486540590344,0.06666666666666667
fashion_calcados,SP,91,14.66098901098901,0.2725574175977485,0.03296703296703297
malas_acessorios,SC,35,35.26314285714286,0.27189417568925167,0.02857142857142857
casa_construcao,MG,63,25.413968253968253,0.27174955248105315,0.047619047619047616
eletroportateis,RJ,88,26.072840909090907,0.270876235156986,0.06818181818181818
construcao_ferramentas_construcao,CE,10,33.547000000000004,0.2701522382003143,0.1
instrumentos_musicais,BA,39,41.73435897435897,0.26995104580228596,0.10256410256410256
eletroportateis,PR,42,22.395238095238096,0.2698300774632707,0.07142857142857142
cool_stuff,GO,98,32.39683673469388,0.26893057670529413,0.04081632653061224
automotivo,SP,1744,15.259782110091743,0.26880227517734406,0.05791284403669725
industria_comercio_e_negocios,DF,6,30.088333333333335,0.26793309240330837,0.16666666666666666
cool_stuff,PB,23,39.0304347826087,0.2677943567508332,0.0
construcao_ferramentas_jardim,PR,6,17.29,0.26777485147876295,0.16666666666666666
perfumaria,MG,407,16.642420147420147,0.2672096614237551,0.056511056511056514
malas_acessorios,PR,51,24.99745098039216,0.267097137966761,0.0
instrumentos_musicais,MG,80,31.242,0.26709330217821126,0.1
industria_comercio_e_negocios,MG,17,23.225294117647056,0.26708314239092046,0.0
perfumaria,TO,13,31.503846153846155,0.2662053556234966,0.0
instrumentos_musicais,RJ,80,27.305625,0.26420921768779076,0.175
artes,BA,10,21.23,0.2637379145287779,0.0
bebes,SP,1274,16.728171114599686,0.26310310481716115,0.06671899529042387
perfumaria,SE,7,26.19,0.26290215866962047,0.14285714285714285
perfumaria,RS,155,18.25193548387097,0.262620762539675,0.04516129032258064
moveis_sala,SP,174,28.985000000000003,0.2625902073741183,0.05172413793103448
relogios_presentes,AM,11,30.976363636363637,0.26256833628830983,0.0
fashion_bolsas_e_acessorios,SP,861,11.333914053426248,0.2624912643135835,0.029036004645760744
eletroportateis,RS,45,26.93311111111111,0.2624791095095467,0.08888888888888889
beleza_saude,SE,40,32.472249999999995,0.2623226493858962,0.2
esporte_lazer,SP,3667,15.127376602127079,0.2607965207513061,0.0499045541314426
perfumaria,SC,118,16.93771186440678,0.2600228462091263,0.1016949152542373
pet_shop,SP,890,16.734943820224718,0.25943412690321366,0.033707865168539325
artes,SP,99,15.58060606060606,0.259428988368734,0.10101010101010101
malas_acessorios,DF,22,24.414545454545454,0.25888563555658095,0.13636363636363635
instrumentos_musicais,MT,6,97.89666666666666,0.25872892441612433,0.0
eletrodomesticos,MT,8,20.695,0.2584235381305878,0.0
brinquedos,RS,211,21.438246445497633,0.25823888449581617,0.07109004739336493
moveis_sala,MG,41,36.69085365853659,0.257396411788233,0.07317073170731707
telefonia_fixa,SP,117,12.94076923076923,0.2573375834152651,0.042735042735042736
pet_shop,GO,27,25.35222222222222,0.2570577164479812,0.07407407407407407
pet_shop,MS,23,21.995217391304347,0.2569956233885391,0.043478260869565216
livros_tecnicos,SP,113,11.432566371681418,0.25682946034924414,0.061946902654867256
relogios_presentes,PB,43,34.88093023255814,0.2554236598058683,0.046511627906976744
malas_acessorios,AL,6,36.75333333333333,0.2553364346185724,0.5
instrumentos_musicais,PR,37,26.794864864864863,0.2551214178889193,0.05405405405405406
brinquedos,SC,119,20.164327731092435,0.2546140647991815,0.058823529411764705
fashion_roupa_feminina,SP,28,10.187857142857142,0.253471640305803,0.03571428571428571
moveis_quarto,MG,7,61.00285714285714,0.2526438405227688,0.0
cool_stuff,DF,73,21.532739726027398,0.2525500286555382,0.0547945205479452
construcao_ferramentas_iluminacao,PR,13,34.856923076923074,0.2524783488082681,0.07692307692307693
cool_stuff,MG,455,22.56678021978022,0.251885578000849,0.04395604395604396
market_place,SP,117,12.744188034188033,0.25187224929760343,0.03418803418803419
audio,SP,145,10.960413793103449,0.25156277074552186,0.06206896551724138
cool_stuff,BA,145,27.678206896551725,0.25011335905505544,0.09655172413793103
instrumentos_musicais,PE,11,47.67727272727273,0.2488263785912536,0.09090909090909091
perfumaria,CE,57,25.390701754385965,0.24787235012778208,0.14035087719298245
livros_interesse_geral,RN,27,10.852962962962962,0.24785200452175857,0.0
casa_conforto,RS,21,21.273809523809526,0.24761695516374593,0.14285714285714285
fashion_roupa_masculina,RJ,12,17.016666666666666,0.24754054881925255,0.08333333333333333
eletroportateis,GO,11,36.85272727272727,0.24683303803256182,0.18181818181818182
industria_comercio_e_negocios,GO,7,39.787142857142854,0.24634713040335998,0.2857142857142857
perfumaria,SP,1475,12.568738983050848,0.24627996968193563,0.05491525423728814
fashion_roupa_masculina,MG,20,16.616999999999997,0.24602613648314037,0.0
alimentos_bebidas,BA,8,15.5875,0.24582827120605563,0.0
relogios_presentes,CE,135,26.037629629629627,0.24495667762525286,0.13333333333333333
fashion_roupa_masculina,BA,9,20.26888888888889,0.24450320315941176,0.3333333333333333
brinquedos,RJ,578,17.897820069204155,0.24373838418960167,0.12283737024221453
papelaria,ES,50,20.7738,0.2437018431122527,0.06
bebes,MS,31,22.401612903225807,0.24329381230716918,0.03225806451612903
cool_stuff,SE,17,59.77117647058824,0.24301884563150622,0.17647058823529413
cama_mesa_banho,SP,5235,14.942087870105063,0.24298462429743986,0.039159503342884434
tablets_impressao_imagem,RJ,10,15.148,0.2419444895922623,0.2
cool_stuff,PI,20,34.597500000000004,0.24172199773448017,0.0
fashion_roupa_masculina,SP,57,12.573157894736841,0.24106323939004026,0.05263157894736842
casa_conforto,ES,12,18.095000000000002,0.24064745464032178,0.08333333333333333
construcao_ferramentas_construcao,ES,12,36.41416666666667,0.24014217129837123,0.0
climatizacao,MT,5,17.106,0.23992771715351466,0.0
eletroportateis,CE,8,48.1625,0.23647187194722857,0.0
eletroportateis,SP,307,18.478273615635178,0.2344211494322082,0.04234527687296417
climatizacao,RJ,69,23.715652173913043,0.2342826341683114,0.08695652173913043
fashion_calcados,DF,6,20.224999999999998,0.23413257446012656,0.0
eletroportateis,MG,66,24.873257575757577,0.23412976473559144,0.06060606060606061
moveis_quarto,SP,52,34.387499999999996,0.23399044816617048,0.07692307692307693
cool_stuff,SC,158,21.107911392405065,0.23318493800869794,0.0759493670886076
informatica_acessorios,SP,3170,14.66348264984227,0.23295690580872502,0.049842271293375394
market_place,MT,5,24.854,0.23209887489654704,0.0
tablets_impressao_imagem,BA,6,18.698333333333334,0.2316594910857206,0.3333333333333333
construcao_ferramentas_seguranca,MG,29,23.550689655172416,0.23030809864205767,0.20689655172413793
cool_stuff,ES,64,22.9965625,0.23008302204851877,0.125
la_cuisine,SP,6,23.913333333333338,0.22947358098742685,0.0
cool_stuff,MT,46,26.49891304347826,0.228546604178132,0.043478260869565216
livros_importados,RJ,6,17.376666666666665,0.2278496466060089,0.0
casa_construcao,SC,25,23.9348,0.2274529967610109,0.0
construcao_ferramentas_iluminacao,GO,5,38.422000000000004,0.22513823188405796,0.0
moveis_sala,DF,7,38.347142857142856,0.2237430601500582,0.0
malas_acessorios,MG,183,24.415792349726775,0.22329954696253126,0.01639344262295082
brinquedos,SP,1703,15.028532002348797,0.22307480029253965,0.05343511450381679
industria_comercio_e_negocios,SP,128,22.244921875,0.22148441851748096,0.03125
malas_acessorios,SP,454,22.6115859030837,0.22143336000960906,0.024229074889867842
casa_conforto,PR,13,19.625384615384615,0.22110941705759224,0.0
fashion_calcados,SC,7,17.724285714285713,0.22063170319737013,0.14285714285714285
casa_construcao,SP,268,15.283320895522387,0.22014166863443488,0.055970149253731345
telefonia_fixa,ES,9,23.346666666666668,0.21797309431147838,0.0
instrumentos_musicais,SP,269,20.459684014869886,0.21568097889607596,0.06691449814126393
relogios_presentes,SC,185,16.147243243243242,0.21494900801660718,0.043243243243243246
market_place,SC,14,16.87642857142857,0.21227451849288714,0.14285714285714285
cool_stuff,PR,213,20.940516431924884,0.2096696516051142,0.018779342723004695
casa_conforto,RJ,61,20.84688524590164,0.20919330013116186,0.14754098360655737
relogios_presentes,BA,233,20.852811158798282,0.20854389989200028,0.11587982832618025
agro_industria_e_comercio,PR,12,31.8025,0.20813178543000035,0.08333333333333333
cool_stuff,RS,259,23.288629343629346,0.20749613483135698,0.07335907335907337
relogios_presentes,AP,8,25.89,0.20708424977036433,0.0
sinalizacao_e_seguranca,GO,5,24.1,0.20586914543176887,0.0
cool_stuff,TO,15,34.626666666666665,0.205413157257906,0.0
agro_industria_e_comercio,SP,95,20.057157894736843,0.20532825120090875,0.0
audio,SC,10,17.91,0.2050618103531578,0.2
malas_acessorios,MT,8,25.9075,0.20356199938758318,0.0
fashion_calcados,BA,7,22.229999999999997,0.2035228019641293,0.14285714285714285
cool_stuff,MS,26,36.809615384615384,0.20332687095492952,0.0
instrumentos_musicais,ES,21,20.34285714285714,0.20147112067942455,0.14285714285714285
livros_interesse_geral,ES,11,19.13090909090909,0.2007266582290038,0.0
relogios_presentes,AL,35,29.36742857142857,0.20054480508267175,0.17142857142857143
cool_stuff,RJ,518,22.386187258687258,0.198816664421388,0.11196911196911197
construcao_ferramentas_iluminacao,SP,143,18.29902097902098,0.19828277241277176,0.04895104895104895
livros_importados,SP,37,9.106486486486487,0.19797429351425727,0.02702702702702703
casa_construcao,RS,43,27.12511627906977,0.19734249564923376,0.06976744186046512
construcao_ferramentas_ferramentas,GO,7,19.77,0.19616824250370385,0.0
casa_conforto,SC,12,19.7825,0.19565356755769792,0.08333333333333333
casa_construcao,MS,8,29.267500000000002,0.1956185635082234,0.375
relogios_presentes,RS,233,17.160042918454934,0.19551497337508983,0.07296137339055794
eletrodomesticos_2,SP,89,38.510449438202244,0.19546967991852543,0.033707865168539325
eletroportateis,MT,8,31.41125,0.19492538714360097,0.0
relogios_presentes,MT,61,22.81262295081967,0.1934631101285502,0.04918032786885246
casa_conforto,MG,57,20.697719298245612,0.19337869730707077,0.017543859649122806
tablets_impressao_imagem,MG,10,14.453999999999999,0.193147693103161,0.0
construcao_ferramentas_seguranca,CE,5,22.706,0.19024649262986554,0.0
cool_stuff,SP,1355,16.48810701107011,0.19013710253042035,0.04206642066420664
fashion_calcados,ES,5,21.174,0.18867142759416072,0.0
malas_acessorios,MS,9,27.025555555555556,0.18668082861927737,0.0
moveis_escritorio,SP,662,27.409123867069486,0.18611779897791156,0.0634441087613293
casa_conforto,SP,204,16.115637254901962,0.18466927216460985,0.07352941176470588
relogios_presentes,PR,307,17.113550488599348,0.18367720282927086,0.03908794788273615
climatizacao,SP,139,19.71086330935252,0.17882345054947982,0.03597122302158273
moveis_escritorio,AL,7,32.83,0.1783576622443451,0.0
instrumentos_musicais,SC,30,20.704666666666665,0.17617759010088627,0.06666666666666667
cds_dvds_musicais,SP,6,9.94,0.17557834757834756,0.0
relogios_presentes,MG,636,17.176006289308177,0.17199532135918025,0.04874213836477988
construcao_ferramentas_ferramentas,RJ,9,18.587777777777777,0.1682767304338762,0.1111111111111111
relogios_presentes,GO,147,19.08404761904762,0.1673793259971698,0.05442176870748299
relogios_presentes,MS,37,17.368378378378377,0.1645035643734861,0.16216216216216217
relogios_presentes,ES,152,17.325065789473683,0.1636542469870982,0.08552631578947369
relogios_presentes,DF,132,19.200075757575757,0.16316492939916766,0.030303030303030304
agro_industria_e_comercio,RS,9,22.130000000000003,0.16045985727359782,0.0
eletrodomesticos_2,RJ,45,35.24933333333333,0.16019368898098815,0.06666666666666667
climatizacao,MG,20,22.417,0.159467075896228,0.0
fashion_esporte,SP,12,13.064166666666667,0.15792615941346794,0.08333333333333333
portateis_casa_forno_e_cafe,RJ,7,45.95142857142857,0.15769219581581861,0.0
relogios_presentes,RJ,874,15.934153318077804,0.15754394182836187,0.13272311212814644
climatizacao,PR,12,24.390833333333333,0.1541112596594522,0.0
climatizacao,ES,6,21.276666666666667,0.15312151582834166,0.16666666666666666
casa_conforto,GO,8,18.416249999999998,0.15287899856485884,0.125
portateis_casa_forno_e_cafe,SP,35,28.471999999999998,0.1521803853834275,0.02857142857142857
construcao_ferramentas_construcao,MT,7,50.26428571428572,0.15136715296135764,0.0
agro_industria_e_comercio,MG,21,25.475714285714286,0.1506807255187639,0.0
eletroportateis,DF,23,35.24956521739131,0.15007139937836494,0.043478260869565216
construcao_ferramentas_seguranca,SC,13,21.193076923076923,0.14672675734658155,0.07692307692307693
audio,GO,7,16.7,0.143800870647074,0.0
instrumentos_musicais,MS,7,38.01142857142857,0.13440090818245023,0.14285714285714285
tablets_impressao_imagem,SP,32,9.4596875,0.13254797486853837,0.03125
construcao_ferramentas_seguranca,SP,66,14.563712121212122,0.13075515237891674,0.030303030303030304
eletrodomesticos_2,SC,17,42.387058823529415,0.13067692743905918,0.058823529411764705
relogios_presentes,SP,2280,12.32084649122807,0.13025540376685404,0.04956140350877193
sinalizacao_e_seguranca,MT,6,53.906666666666666,0.10834316429645248,0.0
agro_industria_e_comercio,PE,5,95.35600000000001,0.10755907008036836,0.2
eletrodomesticos_2,RS,12,66.6275,0.10599515123874574,0.08333333333333333
agro_industria_e_comercio,BA,5,47.496,0.10285912735070613,0.0
portateis_casa_forno_e_cafe,PR,8,41.8725,0.0924987999503446,0.125
pcs,PE,10,62.812,0.08876379973816514,0.2
pcs,RJ,23,54.45782608695652,0.08851626936152127,0.0
pcs,RS,8,62.66875,0.08236912600459477,0.125
pcs,GO,5,49.358,0.07343769028532718,0.0
pcs,CE,6,57.13166666666666,0.057803761840744206,0.0
pcs,MG,19,45.8021052631579,0.050652249113878355,0.0
pcs,BA,25,38.2188,0.050531284492100766,0.04
pcs,SC,5,51.186,0.04708594411275961,0.0
pcs,SP,59,40.31254237288136,0.04285986655891242,0.05084745762711865
pcs,DF,6,45.64666666666667,0.03688580228068418,0.0
pcs,MA,5,40.352,0.029863563516763236,0.0
